<?xml version="1.0" encoding="UTF-8"?>
<con:soapui-project id="5d619895-bb36-403d-9ec7-382538ba6559" created="3.30.0" activeEnvironment="Default environment" name="Activity2" resourceRoot="${projectDir}" updated="3.30.0 2022-03-16T13:04:41Z" encryptionMode="Not encrypted" xmlns:con="http://eviware.com/soapui/config">
  <con:settings/>
  <con:interface xsi:type="con:RestService" id="a0c7cd2b-d076-4b9c-a401-37e9beb8d1c6" wadlVersion="http://wadl.dev.java.net/2009/02" name="https://petstore.swagger.io" type="rest" xmlns:xsi="http://www.w3.org/2001/XMLSchema-instance">
    <con:settings>
      <con:setting id="a0c7cd2b-d076-4b9c-a401-37e9beb8d1c6fileName">https%3A%2F%2Fpetstore.swagger.io</con:setting>
    </con:settings>
    <con:definitionCache type="TEXT" rootPart=""/>
    <con:endpoints>
      <con:endpoint>https://petstore.swagger.io</con:endpoint>
    </con:endpoints>
    <con:resource name="FindByStatus" path="/v2/pet/findByStatus" id="a0accc91-ecbf-42c9-b83b-dca7903daa51">
      <con:settings>
        <con:setting id="a0accc91-ecbf-42c9-b83b-dca7903daa51fileName">FindByStatus</con:setting>
      </con:settings>
      <con:parameters/>
      <con:method name="FindByStatus" id="bbc5961b-49e0-47e0-ac5a-5bf27a2e3cd5" method="GET">
        <con:settings/>
        <con:parameters>
          <con:parameter required="true">
            <con:name>status</con:name>
            <con:value>sold</con:value>
            <con:style>QUERY</con:style>
            <con:default>sold</con:default>
            <con:path xsi:nil="true"/>
            <con:description xsi:nil="true"/>
          </con:parameter>
        </con:parameters>
        <con:representation type="RESPONSE">
          <con:mediaType>application/json</con:mediaType>
          <con:status>200</con:status>
          <con:params/>
          <con:element>Response</con:element>
        </con:representation>
        <con:request name="Request 1" id="1913d0a4-2730-477a-8aa7-77453f80ff67" mediaType="application/json">
          <con:settings>
            <con:setting id="com.eviware.soapui.impl.wsdl.WsdlRequest@request-headers">&lt;xml-fragment/></con:setting>
          </con:settings>
          <con:endpoint>https://petstore.swagger.io</con:endpoint>
          <con:request/>
          <con:originalUri>https://petstore.swagger.io/v2/pet/findByStatus</con:originalUri>
          <con:credentials>
            <con:selectedAuthProfile>No Authorization</con:selectedAuthProfile>
            <con:authType>No Authorization</con:authType>
          </con:credentials>
          <con:jmsConfig JMSDeliveryMode="PERSISTENT"/>
          <con:parameters>
            <con:entry key="status" value="sold"/>
          </con:parameters>
          <con:parameterOrder>
            <con:entry>status</con:entry>
          </con:parameterOrder>
        </con:request>
      </con:method>
    </con:resource>
  </con:interface>
  <con:testSuite id="3deed64a-6c26-46f0-908b-6f8a103b5e1f" name="https://petstore.swagger.io Test Suite">
    <con:settings>
      <con:setting id="3deed64a-6c26-46f0-908b-6f8a103b5e1ffileName">https%3A%2F%2Fpetstore.swagger.io-Test-Suite</con:setting>
    </con:settings>
    <con:runType>SEQUENTIAL</con:runType>
    <con:testCase id="d4a0f533-ef41-4502-bdc6-126254bf67fd" discardOkResults="false" failOnError="true" failTestCaseOnErrors="true" keepSession="false" name="Activity2TestCase" searchProperties="true" timeout="0">
      <con:settings>
        <con:setting id="d4a0f533-ef41-4502-bdc6-126254bf67fdfileName">Activity2TestCase</con:setting>
      </con:settings>
      <con:testStep type="restrequest" name="REST Request" id="10eaa4c3-d7c0-496b-a9c1-4f1d960239b4">
        <con:settings/>
        <con:config service="https://petstore.swagger.io" resourcePath="/v2/pet/findByStatus" methodName="FindByStatus" xsi:type="con:RestRequestStep" xmlns:xsi="http://www.w3.org/2001/XMLSchema-instance">
          <con:restRequest name="REST Request" id="1913d0a4-2730-477a-8aa7-77453f80ff67" mediaType="application/json">
            <con:settings>
              <con:setting id="com.eviware.soapui.impl.wsdl.WsdlRequest@request-headers">&lt;xml-fragment/></con:setting>
            </con:settings>
            <con:endpoint>https://petstore.swagger.io</con:endpoint>
            <con:request/>
            <con:originalUri>https://petstore.swagger.io/v2/pet/findByStatus</con:originalUri>
            <con:assertion type="Valid HTTP Status Codes" id="e5dda2bf-0fcb-4c8e-bd49-ecf4b750ddb6" name="Valid HTTP Status Codes">
              <con:settings/>
              <con:configuration>
                <codes>200</codes>
              </con:configuration>
            </con:assertion>
            <con:assertion type="JsonPath Match" id="c00c8888-e69e-4391-9c66-983b7e8fcc07" name="JSONPath Match">
              <con:configuration>
                <path>$[0].id</path>
                <content>9</content>
                <allowWildcards>true</allowWildcards>
                <ignoreNamspaceDifferences>false</ignoreNamspaceDifferences>
                <ignoreComments>false</ignoreComments>
              </con:configuration>
            </con:assertion>
            <con:assertion type="JsonPath Match" id="47c5cbd7-539c-4daa-9236-240937a3c414" name="JSONPath Match 2">
              <con:configuration>
                <path>$[0].['category'].['id']</path>
                <content>0</content>
                <allowWildcards>false</allowWildcards>
                <ignoreNamspaceDifferences>false</ignoreNamspaceDifferences>
                <ignoreComments>false</ignoreComments>
              </con:configuration>
            </con:assertion>
            <con:credentials>
              <con:selectedAuthProfile>No Authorization</con:selectedAuthProfile>
              <con:authType>No Authorization</con:authType>
            </con:credentials>
            <con:jmsConfig JMSDeliveryMode="PERSISTENT"/>
            <con:parameters>
              <con:entry key="status" value="sold"/>
            </con:parameters>
            <con:parameterOrder>
              <con:entry>status</con:entry>
            </con:parameterOrder>
          </con:restRequest>
        </con:config>
      </con:testStep>
      <con:properties/>
      <con:reportParameters/>
    </con:testCase>
    <con:properties/>
    <con:reportParameters/>
  </con:testSuite>
  <con:requirements/>
  <con:properties/>
  <con:wssContainer/>
  <con:databaseConnectionContainer/>
  <con:jmsConnectionContainer/>
  <con:oAuth2ProfileContainer/>
  <con:oAuth1ProfileContainer/>
  <con:reporting>
    <con:reportTemplates/>
    <con:xmlTemplates/>
    <con:xmlTemplates/>
    <con:parameters/>
    <con:parameters/>
  </con:reporting>
  <con:reporting/>
  <con:eventHandlers type="RequestFilter.filterRequest" name="RequestFilter.filterRequest">
    <con:script>// Sample event script to add custom HTTP header to all outgoing REST, SOAP and HTTP(S) calls
// This code is often used for adding custom authentication to ReadyAPI functional tests

// If hardcoding the token, uncomment and change line 5
// token = '4567'

// If your token is parameterized in Project level custom property, uncomment line 8
// token = request.parent.testCase.testSuite.project.getProperty('auth_token').getValue()

// To modify all outgoing calls, remove comments from lines 11 to 16
// headers = request.requestHeaders
// if (headers.containsKey('auth_token2') == false) {
//   headers.put('auth_token2', token)
//   request.requestHeaders = headers
// }</con:script>
  </con:eventHandlers>
  <con:eventHandlers type="TestRunListener.afterStep" name="TestRunListener.afterStep">
    <con:script>// Save all test step results into files
// Change the directory path in line 5 to a location where you want to store details
// then uncomment lines 5 to 10

// filePath = 'C:\\tempOutputDirectory\\'
// fos = new java.io.FileOutputStream(filePath + testStepResult.testStep.label + '.txt', true)
// pw = new java.io.PrintWriter(fos)
// testStepResult.writeTo(pw)
// pw.close()
// fos.close()</con:script>
  </con:eventHandlers>
  <con:authRepository/>
  <con:tags/>
</con:soapui-project>
